{"cameraMode":{"drawMode":0,"name":"Shaded","section":"Shading Mode"},"sceneLighting":false,"audioPlay":false,"sceneViewState":{"showFog":true,"showMaterialUpdate":false,"showSkybox":false,"showFlares":true,"showImageEffects":true,"showParticleSystems":true},"in2DMode":false,"pivot":{"x":17.489999771118165,"y":0.6299999952316284,"z":21.420000076293947},"rotation":{"x":-0.16783969104290009,"y":0.04475614055991173,"z":-0.007600368931889534,"w":-0.9847853779792786},"size":5.7157673835754398,"orthographic":false}